entity_name,aliases,QUERY_short
Acredius,Acredius;Acredius P2P;Acredius platform;acredius,"""Acredius"" OR ""Acredius P2P"" OR ""Acredius platform"" OR ""acredius"" OR loan OR lending OR credit OR fintech"
Anodu,Anodu;Anodu P2P;Anodu platform;anodu,"""Anodu"" OR ""Anodu P2P"" OR ""Anodu platform"" OR ""anodu"" OR loan OR lending OR credit OR fintech"
Biz2credit,Biz2credit;Biz2credit P2P;Biz2credit platform;biz2credit,"""Biz2credit"" OR ""Biz2credit P2P"" OR ""Biz2credit platform"" OR ""biz2credit"" OR loan OR lending OR credit OR fintech"
Bondora,Bondora;Bondora P2P;Bondora platform;bondora,"""Bondora"" OR ""Bondora P2P"" OR ""Bondora platform"" OR ""bondora"" OR loan OR lending OR credit OR fintech"
Bondster,Bondster;Bondster P2P;Bondster platform;bondster,"""Bondster"" OR ""Bondster P2P"" OR ""Bondster platform"" OR ""bondster"" OR loan OR lending OR credit OR fintech"
CashENable (Labamu),Cash E Nable ( Labamu);CashENable (Labamu);CashENable (Labamu) P2P;CashENable (Labamu) platform;CashENable(Labamu);cash e nable ( labamu);cashenable (labamu),"""Cash E Nable ( Labamu)"" OR ""CashENable (Labamu)"" OR ""CashENable (Labamu) P2P"" OR ""CashENable (Labamu) platform"" OR ""CashENable(Labamu)"" OR ""cash e nable ( labamu)"" OR ""cashenable (labamu)"" OR loan OR lending OR credit OR fintech"
CG24,C G24;CG24;CG24 P2P;CG24 platform;c g24;cg24,"""C G24"" OR ""CG24"" OR ""CG24 P2P"" OR ""CG24 platform"" OR ""c g24"" OR ""cg24"" OR loan OR lending OR credit OR fintech"
Colectual,Colectual;Colectual P2P;Colectual platform;colectual,"""Colectual"" OR ""Colectual P2P"" OR ""Colectual platform"" OR ""colectual"" OR loan OR lending OR credit OR fintech"
Conda,Conda;Conda P2P;Conda platform;conda,"""Conda"" OR ""Conda P2P"" OR ""Conda platform"" OR ""conda"" OR loan OR lending OR credit OR fintech"
Crowd4Cash,Crowd4 Cash;Crowd4Cash;Crowd4Cash P2P;Crowd4Cash platform;crowd4 cash;crowd4cash,"""Crowd4 Cash"" OR ""Crowd4Cash"" OR ""Crowd4Cash P2P"" OR ""Crowd4Cash platform"" OR ""crowd4 cash"" OR ""crowd4cash"" OR loan OR lending OR credit OR fintech"
CRX,C R X;CRX;CRX P2P;CRX platform;c r x;crx,"""C R X"" OR ""CRX"" OR ""CRX P2P"" OR ""CRX platform"" OR ""c r x"" OR ""crx"" OR loan OR lending OR credit OR fintech"
Evenfi,Evenfi;Evenfi P2P;Evenfi platform;evenfi,"""Evenfi"" OR ""Evenfi P2P"" OR ""Evenfi platform"" OR ""evenfi"" OR loan OR lending OR credit OR fintech"
Fellow Finance,Fellow  Finance;Fellow Finance;Fellow Finance P2P;Fellow Finance platform;FellowFinance;fellow  finance;fellow finance,"""Fellow  Finance"" OR ""Fellow Finance"" OR ""Fellow Finance P2P"" OR ""Fellow Finance platform"" OR ""FellowFinance"" OR ""fellow  finance"" OR ""fellow finance"" OR loan OR lending OR credit OR fintech"
Finbee,Finbee;Finbee P2P;Finbee platform;finbee,"""Finbee"" OR ""Finbee P2P"" OR ""Finbee platform"" OR ""finbee"" OR loan OR lending OR credit OR fintech"
Finomark,Finomark;Finomark P2P;Finomark platform;finomark,"""Finomark"" OR ""Finomark P2P"" OR ""Finomark platform"" OR ""finomark"" OR loan OR lending OR credit OR fintech"
Flex Funding,Flex  Funding;Flex Funding;Flex Funding P2P;Flex Funding platform;FlexFunding;flex  funding;flex funding,"""Flex  Funding"" OR ""Flex Funding"" OR ""Flex Funding P2P"" OR ""Flex Funding platform"" OR ""FlexFunding"" OR ""flex  funding"" OR ""flex funding"" OR loan OR lending OR credit OR fintech"
Fulfin,Fulfin;Fulfin P2P;Fulfin platform;fulfin,"""Fulfin"" OR ""Fulfin P2P"" OR ""Fulfin platform"" OR ""fulfin"" OR loan OR lending OR credit OR fintech"
Funding Partner,Funding  Partner;Funding Partner;Funding Partner P2P;Funding Partner platform;FundingPartner;funding  partner;funding partner,"""Funding  Partner"" OR ""Funding Partner"" OR ""Funding Partner P2P"" OR ""Funding Partner platform"" OR ""FundingPartner"" OR ""funding  partner"" OR ""funding partner"" OR loan OR lending OR credit OR fintech"
Geldvoorelkaar,Geldvoorelkaar;Geldvoorelkaar P2P;Geldvoorelkaar platform;geldvoorelkaar,"""Geldvoorelkaar"" OR ""Geldvoorelkaar P2P"" OR ""Geldvoorelkaar platform"" OR ""geldvoorelkaar"" OR loan OR lending OR credit OR fintech"
Get Income,Get  Income;Get Income;Get Income P2P;Get Income platform;GetIncome;get  income;get income,"""Get  Income"" OR ""Get Income"" OR ""Get Income P2P"" OR ""Get Income platform"" OR ""GetIncome"" OR ""get  income"" OR ""get income"" OR loan OR lending OR credit OR fintech"
Goparity,Goparity;Goparity P2P;Goparity platform;goparity,"""Goparity"" OR ""Goparity P2P"" OR ""Goparity platform"" OR ""goparity"" OR loan OR lending OR credit OR fintech"
Hive Finance,Hive  Finance;Hive Finance;Hive Finance P2P;Hive Finance platform;HiveFinance;hive  finance;hive finance,"""Hive  Finance"" OR ""Hive Finance"" OR ""Hive Finance P2P"" OR ""Hive Finance platform"" OR ""HiveFinance"" OR ""hive  finance"" OR ""hive finance"" OR loan OR lending OR credit OR fintech"
ITF Group,I T F  Group;ITF Group;ITF Group P2P;ITF Group platform;ITFGroup;i t f  group;itf group,"""I T F  Group"" OR ""ITF Group"" OR ""ITF Group P2P"" OR ""ITF Group platform"" OR ""ITFGroup"" OR ""i t f  group"" OR ""itf group"" OR loan OR lending OR credit OR fintech"
Klear Lending,Klear  Lending;Klear Lending;Klear Lending P2P;Klear Lending platform;KlearLending;klear  lending;klear lending,"""Klear  Lending"" OR ""Klear Lending"" OR ""Klear Lending P2P"" OR ""Klear Lending platform"" OR ""KlearLending"" OR ""klear  lending"" OR ""klear lending"" OR loan OR lending OR credit OR fintech"
KOM Group,K O M  Group;KOM Group;KOM Group P2P;KOM Group platform;KOMGroup;k o m  group;kom group,"""K O M  Group"" OR ""KOM Group"" OR ""KOM Group P2P"" OR ""KOM Group platform"" OR ""KOMGroup"" OR ""k o m  group"" OR ""kom group"" OR loan OR lending OR credit OR fintech"
Lend,Lend;Lend P2P;Lend platform;lend,"""Lend"" OR ""Lend P2P"" OR ""Lend platform"" OR ""lend"" OR loan OR lending OR credit OR fintech"
Lendahand,Lendahand;Lendahand P2P;Lendahand platform;lendahand,"""Lendahand"" OR ""Lendahand P2P"" OR ""Lendahand platform"" OR ""lendahand"" OR loan OR lending OR credit OR fintech"
Lending Club,Lending  Club;Lending Club;Lending Club P2P;Lending Club platform;LendingClub;lending  club;lending club,"""Lending  Club"" OR ""Lending Club"" OR ""Lending Club P2P"" OR ""Lending Club platform"" OR ""LendingClub"" OR ""lending  club"" OR ""lending club"" OR loan OR lending OR credit OR fintech"
Max Crowdfund,Max  Crowdfund;Max Crowdfund;Max Crowdfund P2P;Max Crowdfund platform;MaxCrowdfund;max  crowdfund;max crowdfund,"""Max  Crowdfund"" OR ""Max Crowdfund"" OR ""Max Crowdfund P2P"" OR ""Max Crowdfund platform"" OR ""MaxCrowdfund"" OR ""max  crowdfund"" OR ""max crowdfund"" OR loan OR lending OR credit OR fintech"
Mozzeno,Mozzeno;Mozzeno P2P;Mozzeno platform;mozzeno,"""Mozzeno"" OR ""Mozzeno P2P"" OR ""Mozzeno platform"" OR ""mozzeno"" OR loan OR lending OR credit OR fintech"
Raize,Raize;Raize P2P;Raize platform;raize,"""Raize"" OR ""Raize P2P"" OR ""Raize platform"" OR ""raize"" OR loan OR lending OR credit OR fintech"
Savy,Savy;Savy P2P;Savy platform;savy,"""Savy"" OR ""Savy P2P"" OR ""Savy platform"" OR ""savy"" OR loan OR lending OR credit OR fintech"
SprayPay,Spray Pay;SprayPay;SprayPay P2P;SprayPay platform;spray pay;spraypay,"""Spray Pay"" OR ""SprayPay"" OR ""SprayPay P2P"" OR ""SprayPay platform"" OR ""spray pay"" OR ""spraypay"" OR loan OR lending OR credit OR fintech"
Stately Credit,Stately  Credit;Stately Credit;Stately Credit P2P;Stately Credit platform;StatelyCredit;stately  credit;stately credit,"""Stately  Credit"" OR ""Stately Credit"" OR ""Stately Credit P2P"" OR ""Stately Credit platform"" OR ""StatelyCredit"" OR ""stately  credit"" OR ""stately credit"" OR loan OR lending OR credit OR fintech"
Steward,Steward;Steward P2P;Steward platform;steward,"""Steward"" OR ""Steward P2P"" OR ""Steward platform"" OR ""steward"" OR loan OR lending OR credit OR fintech"
StockCrowd IN (Grow.ly),Stock Crowd  I N ( Grow.ly);StockCrowd IN (Grow.ly);StockCrowd IN (Grow.ly) P2P;StockCrowd IN (Grow.ly) platform;StockCrowdIN(Grow.ly);stock crowd  i n ( grow.ly);stockcrowd in (grow.ly),"""Stock Crowd  I N ( Grow.ly)"" OR ""StockCrowd IN (Grow.ly)"" OR ""StockCrowd IN (Grow.ly) P2P"" OR ""StockCrowd IN (Grow.ly) platform"" OR ""StockCrowdIN(Grow.ly)"" OR ""stock crowd  i n ( grow.ly)"" OR ""stockcrowd in (grow.ly)"" OR loan OR lending OR credit OR fintech"
Tapline,Tapline;Tapline P2P;Tapline platform;tapline,"""Tapline"" OR ""Tapline P2P"" OR ""Tapline platform"" OR ""tapline"" OR loan OR lending OR credit OR fintech"
Untapped Global,Untapped  Global;Untapped Global;Untapped Global P2P;Untapped Global platform;UntappedGlobal;untapped  global;untapped global,"""Untapped  Global"" OR ""Untapped Global"" OR ""Untapped Global P2P"" OR ""Untapped Global platform"" OR ""UntappedGlobal"" OR ""untapped  global"" OR ""untapped global"" OR loan OR lending OR credit OR fintech"
Vauraus,Vauraus;Vauraus P2P;Vauraus platform;vauraus,"""Vauraus"" OR ""Vauraus P2P"" OR ""Vauraus platform"" OR ""vauraus"" OR loan OR lending OR credit OR fintech"
Winwinner,Winwinner;Winwinner P2P;Winwinner platform;winwinner,"""Winwinner"" OR ""Winwinner P2P"" OR ""Winwinner platform"" OR ""winwinner"" OR loan OR lending OR credit OR fintech"
WiSeed,Wi Seed;WiSeed;WiSeed P2P;WiSeed platform;wi seed;wiseed,"""Wi Seed"" OR ""WiSeed"" OR ""WiSeed P2P"" OR ""WiSeed platform"" OR ""wi seed"" OR ""wiseed"" OR loan OR lending OR credit OR fintech"
Avellinia,Avellinia;Avellinia Capital;Avellinia Fund;avellinia,"""Avellinia"" OR ""Avellinia Capital"" OR ""Avellinia Fund"" OR ""avellinia"" OR loan OR lending OR credit OR fintech"
AWI KMU Darlehen,A W I  K M U  Darlehen;AWI KMU Darlehen;AWI KMU Darlehen Capital;AWI KMU Darlehen Fund;AWIKMUDarlehen;a w i  k m u  darlehen;awi kmu darlehen,"""A W I  K M U  Darlehen"" OR ""AWI KMU Darlehen"" OR ""AWI KMU Darlehen Capital"" OR ""AWI KMU Darlehen Fund"" OR ""AWIKMUDarlehen"" OR ""a w i  k m u  darlehen"" OR ""awi kmu darlehen"" OR loan OR lending OR credit OR fintech"
Castlelake,Castlelake;Castlelake Capital;Castlelake Fund;castlelake,"""Castlelake"" OR ""Castlelake Capital"" OR ""Castlelake Fund"" OR ""castlelake"" OR loan OR lending OR credit OR fintech"
Channel Capital,Channel  Capital;Channel Capital;Channel Capital Fund;ChannelCapital;channel  capital;channel capital,"""Channel  Capital"" OR ""Channel Capital"" OR ""Channel Capital Fund"" OR ""ChannelCapital"" OR ""channel  capital"" OR ""channel capital"" OR loan OR lending OR credit OR fintech"
Fasanara,Fasanara;Fasanara Capital;Fasanara Fund;fasanara,"""Fasanara"" OR ""Fasanara Capital"" OR ""Fasanara Fund"" OR ""fasanara"" OR loan OR lending OR credit OR fintech"
NordIX,Nord I X;NordIX;NordIX Capital;NordIX Fund;nord i x;nordix,"""Nord I X"" OR ""NordIX"" OR ""NordIX Capital"" OR ""NordIX Fund"" OR ""nord i x"" OR ""nordix"" OR loan OR lending OR credit OR fintech"
Scayl,Scayl;Scayl Capital;Scayl Fund;scayl,"""Scayl"" OR ""Scayl Capital"" OR ""Scayl Fund"" OR ""scayl"" OR loan OR lending OR credit OR fintech"
Prêtons Ensemble (“Lending Together”),Prêtons  Ensemble (“ Lending  Together”);Prêtons Ensemble (“Lending Together”);Prêtons Ensemble (“Lending Together”) Capital;Prêtons Ensemble (“Lending Together”) Fund;PrêtonsEnsemble(“LendingTogether”);prêtons  ensemble (“ lending  together”);prêtons ensemble (“lending together”),"""Prêtons  Ensemble (“ Lending  Together”)"" OR ""Prêtons Ensemble (“Lending Together”)"" OR ""Prêtons Ensemble (“Lending Together”) Capital"" OR ""Prêtons Ensemble (“Lending Together”) Fund"" OR ""PrêtonsEnsemble(“LendingTogether”)"" OR ""prêtons  ensemble (“ lending  together”)"" OR ""prêtons ensemble (“lending together”)"" OR loan OR lending OR credit OR fintech"
P2P Global Investments (Pollen Street Secured Lending),P2 P  Global  Investments ( Pollen  Street  Secured  Lending);P2P Global Investments (Pollen Street Secured Lending);P2P Global Investments (Pollen Street Secured Lending) Capital;P2P Global Investments (Pollen Street Secured Lending) Fund;P2PGlobalInvestments(PollenStreetSecuredLending);p2 p  global  investments ( pollen  street  secured  lending);p2p global investments (pollen street secured lending),"""P2 P  Global  Investments ( Pollen  Street  Secured  Lending)"" OR ""P2P Global Investments (Pollen Street Secured Lending)"" OR ""P2P Global Investments (Pollen Street Secured Lending) Capital"" OR ""P2P Global Investments (Pollen Street Secured Lending) Fund"" OR ""P2PGlobalInvestments(PollenStreetSecuredLending)"" OR ""p2 p  global  investments ( pollen  street  secured  lending)"" OR ""p2p global investments (pollen street secured lending)"" OR loan OR lending OR credit OR fintech"
Honeycomb Investment Trust,Honeycomb  Investment  Trust;Honeycomb Investment Trust;Honeycomb Investment Trust Capital;Honeycomb Investment Trust Fund;HoneycombInvestmentTrust;honeycomb  investment  trust;honeycomb investment trust,"""Honeycomb  Investment  Trust"" OR ""Honeycomb Investment Trust"" OR ""Honeycomb Investment Trust Capital"" OR ""Honeycomb Investment Trust Fund"" OR ""HoneycombInvestmentTrust"" OR ""honeycomb  investment  trust"" OR ""honeycomb investment trust"" OR loan OR lending OR credit OR fintech"
VPC Specialty Lending Investments,V P C  Specialty  Lending  Investments;VPC Specialty Lending Investments;VPC Specialty Lending Investments Capital;VPC Specialty Lending Investments Fund;VPCSpecialtyLendingInvestments;v p c  specialty  lending  investments;vpc specialty lending investments,"""V P C  Specialty  Lending  Investments"" OR ""VPC Specialty Lending Investments"" OR ""VPC Specialty Lending Investments Capital"" OR ""VPC Specialty Lending Investments Fund"" OR ""VPCSpecialtyLendingInvestments"" OR ""v p c  specialty  lending  investments"" OR ""vpc specialty lending investments"" OR loan OR lending OR credit OR fintech"
Ranger Direct Lending Fund,Ranger  Direct  Lending  Fund;Ranger Direct Lending Fund;Ranger Direct Lending Fund Capital;RangerDirectLendingFund;ranger  direct  lending  fund;ranger direct lending fund,"""Ranger  Direct  Lending  Fund"" OR ""Ranger Direct Lending Fund"" OR ""Ranger Direct Lending Fund Capital"" OR ""RangerDirectLendingFund"" OR ""ranger  direct  lending  fund"" OR ""ranger direct lending fund"" OR loan OR lending OR credit OR fintech"
The SME Loan Fund (GLI Alternative Finance),The  S M E  Loan  Fund ( G L I  Alternative  Finance);The SME Loan Fund (GLI Alternative Finance);The SME Loan Fund (GLI Alternative Finance) Capital;TheSMELoanFund(GLIAlternativeFinance);the  s m e  loan  fund ( g l i  alternative  finance);the sme loan fund (gli alternative finance),"""The  S M E  Loan  Fund ( G L I  Alternative  Finance)"" OR ""The SME Loan Fund (GLI Alternative Finance)"" OR ""The SME Loan Fund (GLI Alternative Finance) Capital"" OR ""TheSMELoanFund(GLIAlternativeFinance)"" OR ""the  s m e  loan  fund ( g l i  alternative  finance)"" OR ""the sme loan fund (gli alternative finance)"" OR loan OR lending OR credit OR fintech"
Accial Capital Fund 1,Accial  Capital  Fund 1;Accial Capital Fund 1;AccialCapitalFund1;accial  capital  fund 1;accial capital fund 1,"""Accial  Capital  Fund 1"" OR ""Accial Capital Fund 1"" OR ""AccialCapitalFund1"" OR ""accial  capital  fund 1"" OR ""accial capital fund 1"" OR loan OR lending OR credit OR fintech"
Lendable MSME Fintech Credit Fund,Lendable  M S M E  Fintech  Credit  Fund;Lendable MSME Fintech Credit Fund;Lendable MSME Fintech Credit Fund Capital;LendableMSMEFintechCreditFund;lendable  m s m e  fintech  credit  fund;lendable msme fintech credit fund,"""Lendable  M S M E  Fintech  Credit  Fund"" OR ""Lendable MSME Fintech Credit Fund"" OR ""Lendable MSME Fintech Credit Fund Capital"" OR ""LendableMSMEFintechCreditFund"" OR ""lendable  m s m e  fintech  credit  fund"" OR ""lendable msme fintech credit fund"" OR loan OR lending OR credit OR fintech"
Prime Meridian Income Fund,Prime  Meridian  Income  Fund;Prime Meridian Income Fund;Prime Meridian Income Fund Capital;PrimeMeridianIncomeFund;prime  meridian  income  fund;prime meridian income fund,"""Prime  Meridian  Income  Fund"" OR ""Prime Meridian Income Fund"" OR ""Prime Meridian Income Fund Capital"" OR ""PrimeMeridianIncomeFund"" OR ""prime  meridian  income  fund"" OR ""prime meridian income fund"" OR loan OR lending OR credit OR fintech"
Stone Ridge Alt. Lending Risk Prem. Fund,Stone  Ridge  Alt.  Lending  Risk  Prem.  Fund;Stone Ridge Alt. Lending Risk Prem. Fund;Stone Ridge Alt. Lending Risk Prem. Fund Capital;StoneRidgeAlt.LendingRiskPrem.Fund;stone  ridge  alt.  lending  risk  prem.  fund;stone ridge alt. lending risk prem. fund,"""Stone  Ridge  Alt.  Lending  Risk  Prem.  Fund"" OR ""Stone Ridge Alt. Lending Risk Prem. Fund"" OR ""Stone Ridge Alt. Lending Risk Prem. Fund Capital"" OR ""StoneRidgeAlt.LendingRiskPrem.Fund"" OR ""stone  ridge  alt.  lending  risk  prem.  fund"" OR ""stone ridge alt. lending risk prem. fund"" OR loan OR lending OR credit OR fintech"
DV01,D V01;DV01;d v01;dv01,"""D V01"" OR ""DV01"" OR ""d v01"" OR ""dv01"" OR loan OR lending OR credit OR fintech"
Cardoai,Cardoai;cardoai,"""Cardoai"" OR ""cardoai"" OR loan OR lending OR credit OR fintech"
Lendity,Lendity;lendity,"""Lendity"" OR ""lendity"" OR loan OR lending OR credit OR fintech"
i2invest,i2invest,"""i2invest"" OR loan OR lending OR credit OR fintech"
Crosslend,Crosslend;crosslend,"""Crosslend"" OR ""crosslend"" OR loan OR lending OR credit OR fintech"
Alterest,Alterest;alterest,"""Alterest"" OR ""alterest"" OR loan OR lending OR credit OR fintech"
Fintex Capital,Fintex  Capital;Fintex Capital;FintexCapital;fintex  capital;fintex capital,"""Fintex  Capital"" OR ""Fintex Capital"" OR ""FintexCapital"" OR ""fintex  capital"" OR ""fintex capital"" OR loan OR lending OR credit OR fintech"
Mintos,Mintos;mintos,"""Mintos"" OR ""mintos"" OR loan OR lending OR credit OR fintech"
Accial Capital,Accial  Capital;Accial Capital;AccialCapital;accial  capital;accial capital,"""Accial  Capital"" OR ""Accial Capital"" OR ""AccialCapital"" OR ""accial  capital"" OR ""accial capital"" OR loan OR lending OR credit OR fintech"
Lendable Inc.,Lendable  Inc.;Lendable Inc.;LendableInc.;lendable  inc.;lendable inc.,"""Lendable  Inc."" OR ""Lendable Inc."" OR ""LendableInc."" OR ""lendable  inc."" OR ""lendable inc."" OR loan OR lending OR credit OR fintech"
Northern Arc Capital,Northern  Arc  Capital;Northern Arc Capital;NorthernArcCapital;northern  arc  capital;northern arc capital,"""Northern  Arc  Capital"" OR ""Northern Arc Capital"" OR ""NorthernArcCapital"" OR ""northern  arc  capital"" OR ""northern arc capital"" OR loan OR lending OR credit OR fintech"
Goldfinch,Goldfinch;goldfinch,"""Goldfinch"" OR ""goldfinch"" OR loan OR lending OR credit OR fintech"
Vauras,Vauras;Vauras P2P;Vauras platform;vauras,"""Vauras"" OR ""Vauras P2P"" OR ""Vauras platform"" OR ""vauras"" OR loan OR lending OR credit OR fintech"
Smart Lenders,Smart Lenders;Smart Lenders AM;SmartLenders;smartlenders,"""Smart Lenders"" OR ""Smart Lenders AM"" OR ""SmartLenders"" OR ""smartlenders"" OR loan OR lending OR credit OR fintech"
Tavis Capital,Tavis Capital;TavisCapital;taviscapital,"""Tavis Capital"" OR ""TavisCapital"" OR ""taviscapital"" OR loan OR lending OR credit OR fintech"
Viola Credit,Viola Credit;ViolaCredit;violacredit,"""Viola Credit"" OR ""ViolaCredit"" OR ""violacredit"" OR loan OR lending OR credit OR fintech"
Winyield,Winyield;WinYield;winyield,"""Winyield"" OR ""WinYield"" OR ""winyield"" OR loan OR lending OR credit OR fintech"
